{
  "location": {
    "precision": 1.0,
    "recall": 0.9745608721986675,
    "f1-score": 0.987116564417178,
    "support": 1651
  },
  "name": {
    "precision": 1.0,
    "recall": 1.0,
    "f1-score": 1.0,
    "support": 64
  },
  "language_qualification": {
    "precision": 1.0,
    "recall": 1.0,
    "f1-score": 1.0,
    "support": 31
  },
  "education_level": {
    "precision": 1.0,
    "recall": 1.0,
    "f1-score": 1.0,
    "support": 9
  },
  "field": {
    "precision": 1.0,
    "recall": 1.0,
    "f1-score": 1.0,
    "support": 4
  },
  "role": {
    "precision": 1.0,
    "recall": 1.0,
    "f1-score": 1.0,
    "support": 27
  },
  "micro avg": {
    "precision": 1.0,
    "recall": 0.9764837625979843,
    "f1-score": 0.9881019830028328,
    "support": 1786
  },
  "macro avg": {
    "precision": 1.0,
    "recall": 0.9957601453664445,
    "f1-score": 0.9978527607361963,
    "support": 1786
  },
  "weighted avg": {
    "precision": 1.0,
    "recall": 0.9764837625979843,
    "f1-score": 0.9880903963341326,
    "support": 1786
  }
}